DJX_Return,GDP
-9.92689264,-1.429272911
-17.81547822,-1.899122416
-28.95677828,-2.925262912
